{
  "loss": 102263.4453125,
  "mae": 165.15489196777344,
  "val_loss": 59626.796875,
  "val_mae": 115.60901641845703,
  "epoch": 9,
  "global_step": 90
}