{
  "loss": 158864.21875,
  "mae": 240.34596252441406,
  "val_loss": 3815.107666015625,
  "val_mae": 46.17786407470703,
  "epoch": 0,
  "global_step": 1
}